{
	"title": "第一届精彩留影",
	"list" :[
		{
			"src":"http://meeting.smm.cn/silver/img/left01.png",
			"theme":"嘉宾签到"
		},
		{
			"src":"http://meeting.smm.cn/silver/img/left02.png",
			"theme":"参会代表步入会场"
		},
		{
			"src":"http://meeting.smm.cn/silver/img/left03.png",
			"theme":"欢迎宴会- 变脸表演"
		},
		{
			"src":"http://meeting.smm.cn/silver/img/left04.png",
			"theme":"会议现场"
		},
		{
			"src":"http://meeting.smm.cn/silver/img/left05.png",
			"theme":"大会部分代表合影"
		},
		{
			"src":"http://meeting.smm.cn/silver/img/left06.png",
			"theme":"会场认真查看资料"
		},
		{
			"src":"http://meeting.smm.cn/silver/img/left07.png",
			"theme":"欢迎晚宴-互动游戏"
		}
	]

}