{
	"zhuban":{
		"title":"主办单位",
		"list":[
			"中国流通行业管理政研会浙江分会"
		]
	},
	"chengban":{
		"title":"承办单位",
		"list":[
			"宁波福祥地贵金属有限公司"
		]
	},
	"xiezhu":{
		"title":"协助单位",
		"list":[
			"上海华通铂银交易市场",
			"上海有色网（SMM)"
		]
	},
	"zhichi":{
		"title":"支持单位",
		"list":[
			"中国流通行业管理政研会",
			"中国有色金属工业协会金银分会",
			"中国电器工业协会电工合金分会",
			"中国有色金属工业协会金银分会",
			"湖南省永兴县金银管理局",
			"湖南省永兴县金银协会",
			"上海市普陀区白银协会",
			"河南豫光金铅股份有限公司",
			"浙江宏达金属冶炼有限公司",
			"济源市万洋冶炼（集团）有限公司",
			"大冶有色金属有限责任公司",
			"郴州市金贵银业股份有限公司",
			"厦门象屿物流集团有限责任公司",
			"厦门国贸集团股份有限公司",
			"厦门建发原材料贸易有限公司",
			"金川迈科金属资源有限公司",
			"摩科瑞（中国）金属资源有限公司",
			"托克投资（中国）有限公司中国"
		]
	},
	"zanzhu":{
		"title":"赞助单位",
		"list":[
			"上海银佰实业有限公司",
			"远大生水资源有限公司",
			"株冶火炬金属进出口有限公司",
			"上海银峰投资有限公司",
			"上海震霆国际贸易有限公司",
			"申万智富投资有限公司",
			"上海墨玉实业有限公司",
			"上海瑜鸿实业有限公司",
			"上海依天货运代理有限公司",
			"上海彤庭国际贸易有限公司",
			"郑州明达货运代理有限公司"
		]
	},
}